model_size,thinking,thinking_budget,num_puzzles,precision_mean,precision_std,precision_ci_lower,precision_ci_upper,recall_mean,recall_std,recall_ci_lower,recall_ci_upper,f1_mean,f1_std,f1_ci_lower,f1_ci_upper,car_mean,car_std,car_ci_lower,car_ci_upper,difficulty_weighted_recall_mean,difficulty_weighted_recall_std,difficulty_weighted_recall_ci_lower,difficulty_weighted_recall_ci_upper,length_4_recall_mean,length_4_recall_std,length_4_recall_ci_lower,length_4_recall_ci_upper,length_5_recall_mean,length_5_recall_std,length_5_recall_ci_lower,length_5_recall_ci_upper,length_6_recall_mean,length_6_recall_std,length_6_recall_ci_lower,length_6_recall_ci_upper,length_7+_recall_mean,length_7+_recall_std,length_7+_recall_ci_lower,length_7+_recall_ci_upper,prefix_coverage_mean,prefix_coverage_std,prefix_coverage_ci_lower,prefix_coverage_ci_upper,avg_word_length_found_mean,avg_word_length_found_std,avg_word_length_found_ci_lower,avg_word_length_found_ci_upper,avg_word_length_missed_mean,avg_word_length_missed_std,avg_word_length_missed_ci_lower,avg_word_length_missed_ci_upper,pangram_recall_mean,pangram_recall_std,pangram_recall_ci_lower,pangram_recall_ci_upper,fp_constraint_violations_mean,fp_constraint_violations_std,fp_constraint_violations_ci_lower,fp_constraint_violations_ci_upper,fp_non_dictionary_mean,fp_non_dictionary_std,fp_non_dictionary_ci_lower,fp_non_dictionary_ci_upper,num_predicted_mean,num_predicted_std,num_predicted_ci_lower,num_predicted_ci_upper,num_actual_mean,num_actual_std,num_actual_ci_lower,num_actual_ci_upper,num_correct_mean,num_correct_std,num_correct_ci_lower,num_correct_ci_upper,cv_f1,f1_p5,f1_p25,f1_p75,f1_p95,success_rate_20,success_rate_30,success_rate_40,success_rate_50,efficiency
4b,True,4096,58,0.7857954545454544,0.2205236996130795,0.7278117035471158,0.843779205543793,0.11062577901759205,0.06679868068322796,0.09306196127578185,0.12818959675940222,0.1872507159104855,0.10286687038024821,0.16020325113199724,0.21429818068897377,1.0,0.0,,,0.05888222956730206,0.04501102871178032,0.04704718287807018,0.07071727625653394,0.2279152395275806,0.12047498759981806,0.19623795633864272,0.2595925227165185,0.10573004722345493,0.1112359783758423,0.07648203767383246,0.1349780567730774,0.010679476468950155,0.03739256231723949,0.000757894206694306,0.020601058731206004,0.0,0.0,,,0.2550804793465197,0.13747933036237356,0.2189321321478433,0.29122882654519605,4.256782739677477,0.24595290781155776,4.1915226489998085,4.322042830355145,5.601881005339268,0.509035047184585,5.468037062592228,5.735724948086308,0.0,0.0,,,0.0,0.0,,,1.3620689655172413,1.5412261678363346,0.9568242026879251,1.7673137283465574,6.293103448275862,3.438729981235449,5.388935491125138,7.197271405426586,46.724137931034484,12.145020065923887,43.53076769188133,49.91750817018764,4.931034482758621,2.943098194292236,4.1571862607266175,5.7048827047906245,0.5493536827353084,0.03835268505079826,0.11680726800778715,0.2691793041926851,0.3706029106029106,0.39655172413793105,0.13793103448275862,0.017241379310344827,0.0,0.8213585236648614
4b,False,4096,58,0.3491584564860427,0.40669314255366723,0.24222394581014323,0.4560929671619422,0.02716453387977475,0.039292380630829155,0.016833129052867823,0.03749593870668168,0.04824679819392394,0.0673742161635898,0.030531651111809006,0.06596194527603888,1.0,0.0,,,0.015037659367180599,0.02539835231943083,0.00835950305453996,0.021715815679821237,0.06301116809235911,0.10699023252881502,0.03487952050486681,0.09114281567985141,0.017332691255105045,0.04631645502583728,0.00515440021402451,0.02951098229618558,0.006490081412682033,0.03088139196137541,-0.0017038548069948246,0.01468401763235889,0.0012315270935960591,0.009379030918551612,-0.0012345633735110922,0.0036976175607032107,0.1194724086631848,0.10573193356468555,0.0916716139225546,0.147273203403815,4.354838709677419,0.594328029333644,4.136837428513475,4.572839990841363,5.499475733573944,0.5026755484085209,5.367303935789792,5.631647531358096,0.0,0.0,,,0.0,0.0,,,1.7758620689655173,1.8547530544312252,1.2881796136999717,2.263544524231063,2.9310344827586206,2.2467291544658696,2.3402871658859703,3.521781799631271,46.724137931034484,12.145020065923887,43.53076769188133,49.91750817018764,1.1551724137931034,1.6308616185546747,0.7263592106365335,1.5839856169496733,1.396449478217908,0.0,0.0,0.06639344262295083,0.21299392097264436,0.08620689655172414,0.0,0.0,0.0,0.4330346283187622
4b,True,8192,58,0.7981503649607098,0.24712930241906036,0.7331710273158137,0.8631297026056058,0.09731761233393976,0.06032133627614206,0.08145692548413767,0.11317829918374185,0.16698246695098928,0.09321946526824654,0.14247165803659131,0.19149327586538725,1.0,0.0,,,0.04946578833577326,0.0372229816495458,0.03967850423356613,0.05925307243798039,0.20894504669453498,0.12365151286216047,0.176432538764788,0.24145755462428195,0.08256946316023395,0.10621612754934218,0.054641356101288376,0.11049757021917953,0.035157337788916734,0.13975032215293262,-0.001923413876443833,0.0722380894542773,0.0014008620689655172,0.007680851625955257,-0.0006187149148960366,0.003420439052827071,0.2467121256381425,0.1414184894468369,0.209528029357181,0.28389622191910396,4.26856833642548,0.2877552241885669,4.191506984157133,4.345629688693826,5.588432399422408,0.5268756361874024,5.449897512925475,5.726967285919341,0.0,0.0,,,0.0,0.0,,,1.3275862068965518,1.637155546034547,0.8971180998705346,1.758054313922569,5.862068965517241,3.3740406088617303,4.974910211760699,6.749227719273783,46.724137931034484,12.145020065923887,43.53076769188133,49.91750817018764,4.5344827586206895,2.829763595862638,3.7904343501523465,5.2785311670890325,0.558259001501081,0.03966037735849056,0.09844271412680755,0.2256048387096774,0.34774305555555557,0.3448275862068966,0.10344827586206896,0.017241379310344827,0.0,0.775678615955814
4b,False,8192,58,0.2863779419813902,0.39920471177007694,0.18141241380798745,0.391343470154793,0.0231044391736134,0.03759476402780757,0.013219399878270454,0.03298947846895634,0.041306297923841453,0.0656934820375637,0.024033077352250774,0.05857951849543214,1.0,0.0,,,0.013390832626823942,0.02967677211536707,0.005587723175136581,0.021193942078511302,0.04751039086683764,0.09277405917487126,0.023116695514640604,0.07190408621903469,0.02585821745304504,0.06942212061764422,0.0076046013440607685,0.04411183356202931,0.0010319917440660474,0.007791366806264964,-0.0010353361391618903,0.003099319627293985,0.0034772529701535787,0.02016035546935516,-0.001823642278856437,0.008778148219163595,0.11018747378974773,0.10073238152865276,0.08370124424491823,0.13667370333457723,4.374741200828157,0.5879737413846311,4.120482288486286,4.629000113170028,5.491968253706686,0.5027923929600709,5.359765733213843,5.624170774199529,0.0,0.0,,,0.0,0.0,,,2.0689655172413794,2.1346109302051937,1.507698184648484,2.630232849834275,3.1206896551724137,2.602816195510241,2.436314023710997,3.8050652866338304,46.724137931034484,12.145020065923887,43.53076769188133,49.91750817018764,1.0517241379310345,1.7211013792489833,0.5991835992389686,1.5042646766231003,1.5903986883231742,0.0,0.0,0.06872294372294371,0.1986401165614376,0.05172413793103448,0.0,0.0,0.0,0.34592834342813433
4b,True,16384,58,0.7767344485016898,0.27137175155140614,0.7053808837939151,0.8480880132094646,0.11058938820590465,0.06559667583791559,0.09334162152695835,0.12783715488485095,0.1873669697638336,0.10225480246982495,0.1604804400384681,0.2142534994891991,1.0,0.0,,,0.061478017111652815,0.05064620086844362,0.048161277435508264,0.07479475678779737,0.24530820861452274,0.12673833285554756,0.21198406274206355,0.2786323544869819,0.07655814717173742,0.08938110189416514,0.053056584458606615,0.10005970988486823,0.026865775549986076,0.06557875071235438,0.009465390833675272,0.04426616026629688,0.003448275862068966,0.02626128657194451,-0.0034567774458310577,0.01035332916996899,0.27665321471702914,0.13944138898246686,0.23998897050287896,0.31331745893117935,4.241121101121101,0.25325125886327116,4.172657695713871,4.309584506528332,5.61133573318486,0.5238833542400733,5.47358762711858,5.749083839251139,0.017241379310344827,0.13130643285972254,-0.017283887229155283,0.05176664584984494,0.0,0.0,,,1.4482758620689655,1.7489085698580493,0.9884237953231422,1.908127928814789,6.5,3.6043346223922437,5.552288522158063,7.447711477841937,46.724137931034484,12.145020065923887,43.53076769188133,49.91750817018764,5.051724137931035,3.0746411217942478,4.243288466263224,5.860159809598845,0.5457461504485654,0.045945945945945955,0.10885885885885886,0.2857142857142857,0.34502652519893895,0.43103448275862066,0.1724137931034483,0.017241379310344827,0.0,0.7949528966525241
4b,False,16384,58,0.36271513307517367,0.4047469732945558,0.2562923415202527,0.4691379246300946,0.027571835553680115,0.03895236965757824,0.017329832054813095,0.037813839052547135,0.04902640871454926,0.0683759911144561,0.031047858336510484,0.06700495909258804,1.0,0.0,,,0.016607937577379207,0.026422446895395597,0.00966050932255876,0.02355536583219965,0.05607572212486666,0.0892792648489402,0.032600936097793125,0.0795505081519402,0.02127140101278032,0.04614331552576505,0.00913863468254846,0.03340416734301218,0.008049535603715172,0.03774134036831554,-0.001964589932137762,0.018063661139568105,0.008620689655172414,0.06565321642986127,-0.008641943614577641,0.02588332292492247,0.11361527908114329,0.09686355770420116,0.08814630490472561,0.13908425325756096,4.361979166666666,0.527305220200688,4.171865361445182,4.55209297188815,5.497329019262003,0.5019188287645838,5.3653561907654455,5.629301847758561,0.0,0.0,,,0.0,0.0,,,5.275862068965517,26.538811765893993,-1.702162768842478,12.253886906773513,6.448275862068965,26.53575701735243,-0.528945770554702,13.425497494692632,46.724137931034484,12.145020065923887,43.53076769188133,49.91750817018764,1.1724137931034482,1.6344743350958786,0.7426506745558328,1.6021769116510636,1.3946767243868012,0.0,0.0,0.06639344262295083,0.19523809523809518,0.05172413793103448,0.0,0.0,0.0,0.19978522553602437
8b,True,4096,58,0.7718962719723368,0.25512866445433874,0.7048136093006387,0.8389789346440348,0.14381850627210196,0.07746028127884368,0.12345136355767167,0.16418564898653226,0.23526536150838523,0.11497493771035792,0.2050342427173259,0.26549648029944456,1.0,0.0,,,0.0832031942391597,0.06281817712953618,0.06668599655365287,0.09972039192466653,0.27389078420780255,0.14030265856627014,0.2370000807007178,0.31078148771488734,0.14903530799828976,0.12185005260810537,0.11699646989626565,0.18107414610031386,0.03797915763860036,0.13947149467358833,0.00097238886186405,0.07498592641533666,0.027465948802155696,0.13811741507833344,-0.008850174219940016,0.06378207182425141,0.30454494661951687,0.14639036899417127,0.26605356125274654,0.3430363319862872,4.425710108604846,0.48442043276384794,4.297176066663349,4.554244150546342,5.628894949674953,0.5289737709741508,5.489808386758437,5.767981512591469,0.02729885057471264,0.14082388721779868,-0.009728903019943013,0.06432660416936829,0.0,0.0,,,1.9482758620689655,2.466778663600894,1.2996694762283143,2.5968822479096167,8.39655172413793,3.6846750204121945,7.427715815488467,9.365387632787394,46.724137931034484,12.145020065923887,43.53076769188133,49.91750817018764,6.448275862068965,3.330730986588556,5.572504792983622,7.324046931154308,0.4887032114426247,0.04714285714285714,0.15842105263157896,0.32136824324324326,0.41903153153153155,0.5862068965517241,0.3103448275862069,0.10344827586206896,0.0,0.8003042135470151
8b,False,4096,58,0.47737411056376566,0.3719274403457182,0.37958077529733475,0.5751674458301966,0.032690751496513834,0.032500685928416005,0.02414513175834075,0.04123637123468692,0.05861671405440466,0.05488216285482471,0.044186184951147754,0.07304724315766158,1.0,0.0,,,0.02235318447674972,0.027579179361757782,0.015101608924296775,0.02960476002920267,0.03380215777280113,0.06392132511559617,0.016994902110531483,0.05060941343507078,0.07061943296730315,0.08825867390609635,0.04741299764904163,0.09382586828556466,0.027125002047602667,0.13538949270501752,-0.00879866581772075,0.06304866991292608,0.010312228339611706,0.03323566040701094,0.0015733569136075418,0.01905109976561587,0.08831147012128115,0.061744709223614504,0.07207652643328516,0.10454641380927715,4.955555555555556,0.7065708911655108,4.7432781594850635,5.167832951626048,5.490461476760161,0.5144394645449067,5.355196514906957,5.6257264386133645,0.017241379310344827,0.13130643285972254,-0.017283887229155283,0.05176664584984494,0.0,0.0,,,4.413793103448276,20.886522543411644,-1.078038044420503,9.905624251317054,5.879310344827586,20.767786784755955,0.418699173208843,11.33992151644633,46.724137931034484,12.145020065923887,43.53076769188133,49.91750817018764,1.4655172413793103,1.4044480371915522,1.0962364546815415,1.834798028077079,0.9362886292787794,0.0,0.03041958041958042,0.07819786808794138,0.18405365126676598,0.034482758620689655,0.0,0.0,0.0,0.2598004004561657
8b,True,8192,58,0.7655880996398238,0.2698812392740523,0.6946264451571253,0.8365497541225222,0.13573983120746133,0.08355404750085897,0.11377041434345267,0.15770924807147,0.22162353864559967,0.12518130023251486,0.1887087936315,0.2545382836596993,1.0,0.0,,,0.07974930824132821,0.05953122554177255,0.06409637041878795,0.09540224606386848,0.24167866978161617,0.1571031949976201,0.2003704904078417,0.28298684915539063,0.16315724505379678,0.13110301541923397,0.12868546440374395,0.1976290257038496,0.028467000835421887,0.06877325981374169,0.010218998762267721,0.04671500290857605,0.010284479249996491,0.04013844125847801,-0.0002693858786791993,0.020838344378672182,0.3002746884652778,0.1512885997314243,0.26049537898014913,0.3400539979504064,4.433994527298099,0.43545300504854034,4.317379451019359,4.550609603576839,5.616241044160541,0.5232938447708612,5.4786479417076315,5.75383414661345,0.03017241379310345,0.14866058573800295,-0.00891589463734466,0.06926072222355156,0.0,0.0,,,1.7758620689655173,2.255932556602591,1.1826948408598814,2.3690292970711533,7.844827586206897,4.241820711935867,6.729497685738018,8.960157486675776,46.724137931034484,12.145020065923887,43.53076769188133,49.91750817018764,6.068965517241379,3.669992442104734,5.103990195758225,7.033940838724533,0.5648375664314859,0.04143413367942895,0.11306818181818182,0.3195454545454546,0.4156585156585156,0.5689655172413793,0.3448275862068966,0.06896551724137931,0.0,0.8084724012576269
8b,False,8192,58,0.42701149425287355,0.38026136987238285,0.3270268639221947,0.5269961245835524,0.024788799888979515,0.027551096161376225,0.017544608437650475,0.032032991340308556,0.046012630152867676,0.049574865449867174,0.032977583765269575,0.05904767654046578,1.0,0.0,,,0.017011251009823893,0.021278255060300056,0.011416419047271417,0.02260608297237637,0.01687310252530835,0.03364007048949644,0.008027896888671952,0.025718308161944748,0.07410751576573077,0.11680175661662315,0.04339605942924754,0.104818972102214,0.025871869215522467,0.13462759438481456,-0.009849639814168469,0.0615933782452134,0.004105090311986864,0.023657800219129294,-0.0021154111555709305,0.010325591779544658,0.0901277210654546,0.06700120412523437,0.0725106524991152,0.10774478963179399,4.944444444444445,0.5802970268545399,4.756333909452908,5.132554979435981,5.482488464654276,0.5117775793918474,5.347923409823183,5.617053519485369,0.017241379310344827,0.13130643285972254,-0.017283887229155283,0.05176664584984494,0.0,0.0,,,1.293103448275862,1.2140785357072637,0.9738777703537496,1.6123291261979746,2.4655172413793105,1.7087547250040993,2.0162230899311284,2.9148113928274926,46.724137931034484,12.145020065923887,43.53076769188133,49.91750817018764,1.1724137931034482,1.3525535438307865,0.8167779678610472,1.5280496183458492,1.0774186410375737,0.0,0.0,0.06095950704225352,0.13476190476190475,0.034482758620689655,0.0,0.0,0.0,0.4697737601338076
8b,True,16384,58,0.7685801760218596,0.24761329615790031,0.7034735787106016,0.8336867733331176,0.13889790399092075,0.07971850873008782,0.11793699063659871,0.1598588173452428,0.22652385503268177,0.11181540395718027,0.1971234932928443,0.25592421677251925,1.0,0.0,,,0.07653995324162031,0.0566039020488006,0.06165671589483793,0.0914231905884027,0.2669107866920754,0.15862888537210043,0.22520144748409876,0.30862012590005206,0.13511010484894867,0.12879923959924028,0.10124407117183744,0.16897613852605992,0.040994643471423654,0.07530758969456466,0.021012850306573908,0.060976436636273404,0.020171286905566826,0.13193610889499444,-0.014519544507472441,0.054862118318606094,0.3252377514808123,0.16117431095564813,0.28285912673354807,0.3676163762280765,4.446025056292913,0.4538383957106558,4.324486340242212,4.567563772343615,5.630546536190744,0.5381006644342141,5.489060178972277,5.772032893409211,0.021551724137931036,0.1347877047354557,-0.013888896179662769,0.05699234445552484,0.0,0.0,,,1.8620689655172413,2.312803993197389,1.2539481554418836,2.470189775592599,8.172413793103448,4.039879844637048,7.110181536953016,9.23464604925388,46.724137931034484,12.145020065923887,43.53076769188133,49.91750817018764,6.310344827586207,3.4244061928668317,5.409943118596456,7.210746536575958,0.4936142550684037,0.04307897071872228,0.14755244755244754,0.30704041720990877,0.42628205128205127,0.5172413793103449,0.3103448275862069,0.06896551724137931,0.0,0.7941209278805808
8b,False,16384,58,0.49549932825794896,0.3784698026752673,0.3959857665082735,0.5950128900076245,0.03389616434823208,0.031555252151607496,0.02559913374943979,0.04219319494702437,0.061953233285953986,0.05601654959226586,0.0472244323949708,0.07668203417693717,1.0,0.0,,,0.02035280195560966,0.0220845512121543,0.014545965227210864,0.02615963868400846,0.03778273291869822,0.0542735778051337,0.02351222309701744,0.052053242740379,0.07375804975957105,0.10915583792777533,0.04505698525936464,0.10245911425977747,0.03019417229943546,0.13638721611167293,-0.005994227219475276,0.0663825718183462,0.0073360378634212305,0.02905426658926622,-0.00030339210400274954,0.014975467830845211,0.10285721634272396,0.07005236250938777,0.08443788657582584,0.12127654610962209,4.862222222222223,0.7183595228299017,4.646403129112919,5.078041315331527,5.491941560834436,0.5101405350842683,5.357806944861709,5.626076176807164,0.017241379310344827,0.13130643285972254,-0.017283887229155283,0.05176664584984494,0.0,0.0,,,1.5344827586206897,1.8373848429496278,1.0513670417673981,2.0175984754739815,3.103448275862069,2.411155762557194,2.4694671863028694,3.7374293654212685,46.724137931034484,12.145020065923887,43.53076769188133,49.91750817018764,1.5689655172413792,1.4881056952359222,1.1776880706759414,1.960242963806817,0.9041747560407942,0.0,0.031746031746031744,0.08290816326530613,0.1766666666666667,0.034482758620689655,0.0,0.0,0.0,0.5103255854650497
14b,True,4096,58,0.7684654229025426,0.1644883350289009,0.7252154199451216,0.8117154258599636,0.18415731379935074,0.08527224224400638,0.1617361206576535,0.20657850694104798,0.28894985266308704,0.11610155543067972,0.25842250484322005,0.319477200482954,1.0,0.0,,,0.11831860226613494,0.07275466926374528,0.09918873715885973,0.13744846737341015,0.30465039820891593,0.1532191632022899,0.264363472935654,0.34493732348217787,0.20573728165006058,0.13619159285450338,0.16992752776874,0.24154703553138115,0.08068206876256412,0.10111633477029107,0.053852293766943865,0.10751184375818437,0.045926097745316814,0.14433634094444622,0.007974791522819075,0.08387740396781455,0.34220198757270387,0.15235747219778892,0.3021416323993004,0.3822623427461073,4.655546329049051,0.480767769411192,4.529134888108796,4.781957769989306,5.646938300241727,0.5351198492910363,5.506235708411458,5.787640892071996,0.10488505747126435,0.2759708826613729,0.0323222128831097,0.17744790205941902,0.0,0.0,,,2.3620689655172415,1.7937344741018295,1.8904305280797096,2.8337074029547735,10.551724137931034,4.23507664253896,9.438167500115156,11.665280775746911,46.724137931034484,12.145020065923887,43.53076769188133,49.91750817018764,8.189655172413794,3.725007460497529,7.210214389244419,9.169095955583169,0.40180520723799473,0.09040178571428571,0.21345029239766083,0.3630050505050505,0.4406707317073171,0.7586206896551724,0.5689655172413793,0.10344827586206896,0.034482758620689655,0.8154678437847068
14b,False,4096,58,0.4235016420361248,0.38457540955082203,0.3223826927957303,0.5246205912765193,0.033484827648091055,0.03906980984082865,0.023211944827161424,0.04375771046902069,0.06025071890570182,0.06728355526651765,0.04255940989128819,0.07794202792011545,1.0,0.0,,,0.019468466346389757,0.022428479676096024,0.01357119823828244,0.025365734454497073,0.045667309764005605,0.08413011229448862,0.023546424383863136,0.06778819514414808,0.037492351855942116,0.06876040316215053,0.019412725482473442,0.05557197822941079,0.019173565226196804,0.052952064824226056,0.005123491239487233,0.03322363921290637,0.008322969992594739,0.02580180788117457,0.0015387304477568814,0.015107209537432595,0.113830756254291,0.08144350657166331,0.09241627783873482,0.13524523466984717,5.002083333333333,1.0592301368947086,4.6633251010767545,5.340841565589912,5.488665133522973,0.49911187993290285,5.357430354598442,5.619899912447504,0.017241379310344827,0.13130643285972254,-0.017283887229155283,0.05176664584984494,0.0,0.0,,,8.137931034482758,32.37523868413651,-0.3747040322536819,16.650566101219198,9.60344827586207,32.11598479151552,1.1589805452507758,18.047916006473365,46.724137931034484,12.145020065923887,43.53076769188133,49.91750817018764,1.4655172413793103,1.5242544020450324,1.0647349768817906,1.86629950587683,1.1167261816713407,0.0,0.0,0.08083233293317327,0.18612440191387555,0.05172413793103448,0.017241379310344827,0.0,0.0,0.16291540920345918
14b,True,8192,58,0.7731964295031445,0.21427749250100428,0.7168550349431664,0.8295378240631226,0.17643557038035532,0.1094247049680598,0.14766381089569658,0.20520732986501405,0.2759979246806616,0.14018576536374466,0.23913795667438933,0.3128578926869338,1.0,0.0,,,0.11606676961101597,0.0939165483397687,0.09137267204639485,0.1407608671756371,0.30237325507036533,0.16046258830898893,0.2601817682533833,0.34456474188734737,0.19298235711775266,0.16837853626037422,0.14870947788927807,0.23725523634622725,0.08413477360845784,0.1533085129290094,0.043456549697923376,0.1248129975189923,0.033132918655231026,0.1374473397236399,-0.0030070170337805485,0.0692728543442426,0.3243455251348653,0.15865275969132858,0.2826299084946498,0.3660611417750808,4.507796562471078,0.4040482125216624,4.400588141062554,4.615004983879602,5.654317737852297,0.5568755749141641,5.507894769574812,5.800740706129782,0.051724137931034475,0.19548235077780823,0.00032467396431417467,0.10312360189775477,0.0,0.0,,,2.0,1.7269789055894333,1.5459140445368171,2.454085955463183,9.862068965517242,4.612904385780535,8.649167586873862,11.074970344160622,46.724137931034484,12.145020065923887,43.53076769188133,49.91750817018764,7.862068965517241,4.338518931787218,6.721313564244226,9.002824366790257,0.5079232589373419,0.07023809523809524,0.171875,0.3622795115332429,0.4886601203674374,0.6896551724137931,0.39655172413793105,0.1724137931034483,0.034482758620689655,0.835909782746089
14b,False,8192,58,0.5050152433773124,0.4093599881603401,0.39737952139451194,0.6126509653601129,0.03476000656149149,0.034124242955025044,0.025787494264706,0.043732518858276975,0.06281500489064623,0.05936048341992043,0.0472069614204852,0.07842304836080727,1.0,0.0,,,0.019977470894573853,0.02226690231879679,0.014122687386847568,0.025832254402300137,0.04987275188780473,0.08924292526740535,0.026407520866614003,0.07333798290899546,0.052108769920636046,0.07486423703377285,0.03242422224406774,0.07179331759720435,0.012350320245057089,0.03906233520826476,0.001985687598689048,0.02271495289142513,0.0060975683376799,0.021847726009536262,0.0003530016219955136,0.011842135053364285,0.10697542844508255,0.07244257575287726,0.0879276241433086,0.1260232327468565,5.00436507936508,1.2046604370590515,4.628966460391132,5.379763698339028,5.492051199138949,0.5071087441620402,5.358713751952261,5.625388646325637,0.022988505747126436,0.13767873678756662,-0.013212272698287356,0.05918928419254023,0.0,0.0,,,5.310344827586207,25.994066054668068,-1.5244464270170948,12.14513608218951,6.913793103448276,25.80852877034598,0.12778639088701116,13.699799816009541,46.724137931034484,12.145020065923887,43.53076769188133,49.91750817018764,1.603448275862069,1.588772616550977,1.1857018116375637,2.021194740086574,0.9450048363963399,0.0,0.0,0.08955223880597014,0.16083333333333322,0.05172413793103448,0.0,0.0,0.0,0.2349117650415011
14b,True,16384,58,0.7814572640003674,0.2178182007707798,0.7241848876591447,0.8387296403415901,0.16557214701887973,0.07954994467785126,0.1446555553227255,0.18648873871503396,0.267099490477255,0.11734727349996371,0.23624459778819604,0.29795438316631395,1.0,0.0,,,0.11064475704888065,0.06639479457370542,0.09318713574603521,0.12810237835172608,0.2660588934251996,0.15050190271842478,0.22648643537505475,0.3056313514753445,0.20486783050170476,0.15945189692783418,0.16294209143647853,0.246793569566931,0.10432072800493854,0.1524280159096525,0.06387613140068774,0.14476532460918934,0.021570761004077434,0.05503509852142077,0.007100019517179991,0.036041502490974875,0.3093203965174714,0.14149442762091885,0.27211633331148116,0.34652445972346163,4.657042275463328,0.4357953752964871,4.5414101979172194,4.772674353009437,5.628110952562753,0.5512662287570889,5.48316288667175,5.773059018453755,0.041666666666666664,0.15861394032769255,-3.874294220056196e-05,0.08337207627553389,0.0,0.0,,,1.8448275862068966,1.7750880792372563,1.3780919683698933,2.3115632040438996,9.448275862068966,3.8213271038797156,8.443509119703728,10.453042604434204,46.724137931034484,12.145020065923887,43.53076769188133,49.91750817018764,7.603448275862069,3.755415529009179,6.61601209865562,8.590884453068519,0.43933918889282375,0.05050607287449393,0.1778074866310161,0.34707646176911544,0.4292021276595745,0.7241379310344828,0.41379310344827586,0.08620689655172414,0.017241379310344827,0.8187965664619782
14b,False,16384,58,0.4906814449917898,0.3720929768905064,0.392844584109695,0.5885183058738845,0.03764847883443284,0.034984068451297,0.02844988694817316,0.046847070720692524,0.06803109951065406,0.061468937245132395,0.05186866636805832,0.0841935326532498,1.0,0.0,,,0.025051469565679087,0.029275171098459372,0.017353955718481914,0.032748983412876256,0.05834827665842306,0.08608065132655766,0.035714523184073615,0.0809820301327725,0.0481502214260835,0.07798652596026875,0.027644709726253953,0.06865573312591305,0.015873015873015872,0.0421073232465073,0.004700439148018059,0.027045592598013687,0.009760633917581179,0.0294563411197788,0.002015483841611403,0.017505783993550954,0.10030257795417398,0.06918680024079688,0.08211083618413782,0.11849431972421014,4.824806201550388,0.7830155729446591,4.583829577076471,5.0657828260243045,5.497785925465353,0.5109977850690819,5.363425907099368,5.632145943831337,0.005747126436781609,0.04376881095324085,-0.005761295743051764,0.017255548616614984,0.0,0.0,,,2.0344827586206895,3.0834334772246104,1.2237352549418183,2.8452302622995607,3.7758620689655173,3.2392499860105475,2.9241447028059864,4.627579435125048,46.724137931034484,12.145020065923887,43.53076769188133,49.91750817018764,1.7413793103448276,1.691675644199698,1.2965758742727274,2.186182746416928,0.9035417285223504,0.0,0.007692307692307693,0.10066143034311699,0.17838383838383837,0.034482758620689655,0.0,0.0,0.0,0.4658784367183242
30b,True,4096,58,0.36973055679952227,0.35835109756847117,0.27550693889428735,0.4639541747047572,0.033081640601235994,0.04019376581069707,0.022513228623103336,0.04365005257936865,0.05844848648341195,0.06827692452713671,0.04049598433665834,0.07640098863016556,1.0,0.0,,,0.019763310698784283,0.026172973223084,0.012881478202248942,0.026645143195319625,0.05175798639676512,0.07311633739519605,0.032533025501985564,0.07098294729154467,0.05376536777398846,0.10708962788530825,0.025607585509763418,0.0819231500382135,0.004791390240306648,0.022225242538167114,-0.0011057603820605472,0.010688540862673844,0.009120764293178086,0.03659147576151178,-0.0005004738002327303,0.0187420023865889,0.1286288130928891,0.10647723511916615,0.10063205129824383,0.15662557488753437,4.649845679012346,0.9823176407282475,4.3174772072619145,4.982214150762777,5.494582440148217,0.5060799839929864,5.361515491658876,5.627649388637558,0.011494252873563218,0.0875376219064817,-0.011522591486103528,0.03451109723322997,0.0,0.0,,,1.8793103448275863,2.362555754150588,1.2581079760630685,2.500512713592104,3.396551724137931,3.3242313722988537,2.522489641511733,4.270613806764129,46.724137931034484,12.145020065923887,43.53076769188133,49.91750817018764,1.5172413793103448,1.8754309849499515,1.024121939373934,2.0103608192467557,1.168155561162634,0.0,0.0,0.07973684210526316,0.21228070175438593,0.06896551724137931,0.0,0.0,0.0,0.4550824671540586
32b,True,4096,58,0.7719466577260402,0.21737146260079965,0.714791745198707,0.8291015702533734,0.1847825196863777,0.09767604642741232,0.15909991249047825,0.21046512688227717,0.28345470045953314,0.1290233446449059,0.24952974136448203,0.31737965955458425,1.0,0.0,,,0.1131822053499307,0.06903178721960902,0.09503122217608093,0.13133318852378048,0.29718855181351295,0.17635209228410434,0.25081913290307917,0.3435579707239467,0.2184994195009408,0.17277593050723214,0.17307030439623744,0.26392853460564414,0.10598675203938361,0.16111587724556406,0.0632369555347885,0.14873654854397872,0.05493753204199453,0.15943550975136403,0.013016101765173711,0.09685896231881536,0.38125834870857284,0.1957111856314209,0.3297987156843095,0.43271798173283615,4.623446899104795,0.4785217909868208,4.496477977497386,4.750415820712203,5.649707785157352,0.5664973839862062,5.500754891151404,5.7986606791633,0.10201149425287355,0.27083866546630336,0.030798097385895506,0.1732248911198516,0.0,0.0,,,2.793103448275862,3.270058858259149,1.9332853021088447,3.6529215944428794,11.10344827586207,6.097712125374922,9.500136603884663,12.706759947839476,46.724137931034484,12.145020065923887,43.53076769188133,49.91750817018764,8.310344827586206,4.492515790136068,7.129098016525068,9.491591638647344,0.45518153142542667,0.05973748473748473,0.18687499999999999,0.39103923647932126,0.478697421981004,0.7241379310344828,0.43103448275862066,0.1896551724137931,0.034482758620689655,0.7775786154504404
30b,False,4096,58,0.42627676820054317,0.3914191686018932,0.32335834424878573,0.5291951921523006,0.04162213606947088,0.0457629958038227,0.029589369712464363,0.05365490242647739,0.07206277271720044,0.07485811625146166,0.05237983441830025,0.09174571101610063,1.0,0.0,,,0.02425446279855307,0.027755173029333353,0.01695661207016261,0.03155231352694353,0.07113149415058638,0.10396728500010363,0.043794690097341805,0.09846829820383096,0.05245360482429448,0.07821491825595563,0.031888040431596626,0.07301916921699234,0.016554206027890237,0.04713223971144295,0.004048339499298578,0.029060072556481895,0.008908515513485088,0.02622596428326084,0.002012749727948053,0.015804281299022123,0.14070064434041696,0.106351019257,0.11273706931497937,0.16866421936585455,4.769956140350877,0.7452037316250797,4.525013768908487,5.014898511793268,5.503848189191868,0.5139815251799004,5.368703636356649,5.638992742027087,0.005747126436781609,0.04376881095324085,-0.005761295743051764,0.017255548616614984,0.0,0.0,,,2.1379310344827585,2.755844035143772,1.4133187837160575,2.8625432852494592,4.0344827586206895,3.8886497780320544,3.012014421454346,5.056951095787033,46.724137931034484,12.145020065923887,43.53076769188133,49.91750817018764,1.896551724137931,2.149578948346028,1.331348751800466,2.461754696475396,1.0387903966064578,0.0,0.0,0.10884520884520885,0.21644736842105258,0.08620689655172414,0.0,0.0,0.0,0.48203413994985506
32b,False,4096,58,0.5581889926248997,0.32080771415829656,0.47383690417028723,0.6425410810795122,0.06851761356629223,0.061592317029827946,0.05232273936304601,0.08471248776953844,0.11591874717489943,0.09644071676802941,0.09056095335505071,0.14127654099474815,1.0,0.0,,,0.040468174434332975,0.04514996764628004,0.028596595614558473,0.052339753254107474,0.12856094067343607,0.1414448563716387,0.09136991156301008,0.16575196978386206,0.07393742019756218,0.09806295575306775,0.04815308038046554,0.09972176001465882,0.015554036606668186,0.039227905666776496,0.005145472204289774,0.0259626010090466,0.014257294429708222,0.07091228507934082,-0.004388140450887408,0.03290272931030385,0.1486549422014352,0.09543531048157262,0.1235615064885308,0.17374837791433959,4.612816350316351,0.8779004587273656,4.368407301846075,4.8572253987866265,5.536085145633293,0.5211989096261042,5.399042878296992,5.673127412969594,0.005747126436781609,0.04376881095324085,-0.005761295743051764,0.017255548616614984,0.0,0.0,,,2.8448275862068964,3.5580485689313988,1.9092864057220162,3.7803687666917765,5.844827586206897,4.372167651148795,4.695224705192258,6.994430467221536,46.724137931034484,12.145020065923887,43.53076769188133,49.91750817018764,3.0,2.492092758263519,2.344737612268208,3.655262387731792,0.831968246020798,0.0,0.03905023547880691,0.15610859728506787,0.3086813186813187,0.1724137931034483,0.06896551724137931,0.017241379310344827,0.0,0.5477366748219821
30b,True,8192,58,0.7855253403761465,0.18369685045045017,0.7372247157521878,0.8338259650001052,0.20085034662759793,0.1038474383113301,0.1735450546547874,0.22815563860040847,0.30965215187154105,0.1344181036982822,0.27430871319268174,0.34499559055040036,1.0,0.0,,,0.11344016124139225,0.08223146954914494,0.09181849852246021,0.1350618239603243,0.41780268644152196,0.1958639735382562,0.3663028798850667,0.4693024929979772,0.16652554539217823,0.15599177178235013,0.12550959985576934,0.20754149092858712,0.043125602181329735,0.07280983472599226,0.023806552617236767,0.0624446517454227,0.005312469815512412,0.024737099047721207,-0.0011918188125169113,0.011816758443541735,0.4276534276133935,0.1668578073779538,0.3837804036612858,0.47152645156550116,4.328186969963952,0.3224797994446673,4.243395229095277,4.412978710832627,5.742290611372065,0.5392977354698976,5.600489500369845,5.884091722374285,0.0,0.0,,,0.0,0.0,,,2.310344827586207,2.112675999534208,1.754844991005866,2.8658446641665476,11.224137931034482,4.3328330485094035,10.084877556557974,12.36339830551099,46.724137931034484,12.145020065923887,43.53076769188133,49.91750817018764,8.913793103448276,4.156096695929549,7.821003183976492,10.00658302292006,0.43409387884391465,0.07297447280799112,0.21961805555555555,0.40613677536231885,0.49803166452717157,0.7758620689655172,0.5517241379310345,0.27586206896551724,0.05172413793103448,0.8361051295864677
32b,True,8192,58,0.7967447740923772,0.2012021057238924,0.7438413772279813,0.8496481709567731,0.23264197666585087,0.12604550592578523,0.19950000034818677,0.265783952983515,0.34317618338908784,0.1536023269635826,0.3027885103405738,0.3835638564376019,1.0,0.0,,,0.15835054856089764,0.10552217602691981,0.13060490675331352,0.18609619036848177,0.3351897726716093,0.19088910303987788,0.28499804163145037,0.38538150371176827,0.25950757744621844,0.17576937572937806,0.21329137604334117,0.30572377884909574,0.15002284437268956,0.17624675138763962,0.10325828655736102,0.1967874021880181,0.08654829389489634,0.15267869801037254,0.04640347669966135,0.12669311109013132,0.4180548109233921,0.18622305597880834,0.36908995441603976,0.4670196674307444,4.774026491616519,0.44911324171769235,4.654860708459794,4.893192274773244,5.664398812558746,0.5524918524970591,5.519128485333108,5.809669139784384,0.15804597701149425,0.3216860034079814,0.07346295417092868,0.24262899985205982,0.0,0.0,,,2.603448275862069,2.5057103567680206,1.9446053231285751,3.2622912285955628,12.724137931034482,5.6251100681575,11.245090635426045,14.203185226642919,46.724137931034484,12.145020065923887,43.53076769188133,49.91750817018764,10.120689655172415,4.542499451889611,8.926300310214975,11.315079000129854,0.44759028859945876,0.07551020408163266,0.272463768115942,0.4263829787234043,0.5794642857142857,0.8275862068965517,0.6724137931034483,0.3793103448275862,0.15517241379310345,0.8542815132309701
30b,False,8192,58,0.5339906707333972,0.36609648534576394,0.4377305069283243,0.6302508345384701,0.06519224149969373,0.05100971466786096,0.051779920742391655,0.0786045622569958,0.10667166872597557,0.08177524090335989,0.08516996521433927,0.12817337223761188,1.0,0.0,,,0.03587826918299049,0.03681959147613584,0.02619705111999465,0.045559487245986324,0.12832314683594442,0.10865667680013194,0.09975333006368792,0.15689296360820093,0.06640455555262857,0.09286977335238958,0.04198569344036914,0.090823417664888,0.018182207655891864,0.05663471852403983,0.003154994116238154,0.033209421195545576,0.0031059837728194726,0.017364789241753713,-0.0014598548073380987,0.0076718223529770434,0.22367067857352899,0.1807591397979229,0.1761424855897078,0.2711988715573502,4.355228758169935,0.4886203956728967,4.2178020573484964,4.492655458991374,5.538580598628744,0.5086181853684151,5.40484626410881,5.672314933148678,0.0,0.0,,,0.0,0.0,,,7.5,29.453650773030652,-0.24444268535272418,15.244442685352723,10.46551724137931,29.65013269828675,2.6694122673487115,18.261622215409908,46.724137931034484,12.145020065923887,43.53076769188133,49.91750817018764,2.9655172413793105,2.635556582526264,2.272532963991596,3.658501518767025,0.7666069339688396,0.0,0.048780487804878044,0.1566820276497696,0.2413793103448275,0.15517241379310345,0.034482758620689655,0.0,0.0,0.291055971110659
32b,False,8192,58,0.6197010674698301,0.3331987319786731,0.5320909269637905,0.7073112079758698,0.06872024030537464,0.05824613055422337,0.0534052009848911,0.08403527962585819,0.11824677196627699,0.09112228195138522,0.0942873892952085,0.14220615463734548,1.0,0.0,,,0.03782852098432023,0.04269301398864697,0.02660296519675774,0.04905407677188271,0.1291716494861062,0.13056947644465128,0.0948401557580685,0.16350314321414391,0.07956070017429043,0.11779497841561079,0.04858808947852669,0.11053331087005416,0.016631857421331105,0.04636276762422272,0.004330159319259536,0.028933555523402675,0.0022795092838196287,0.013223434150313264,-0.0011974154841757662,0.005756434051815024,0.1727524291332074,0.11507476557178431,0.14249506194404027,0.20300979632237454,4.456753663003663,0.49687116953433214,4.318423846051246,4.595083479956079,5.541327564619472,0.5172161355167479,5.405332514351653,5.677322614887291,0.005747126436781609,0.04376881095324085,-0.005761295743051764,0.017255548616614984,0.0,0.0,,,6.568965517241379,31.21521899901849,-1.6386579217513315,14.77658895623409,9.672413793103448,30.877453269127862,1.5536013255034415,17.791226260703453,46.724137931034484,12.145020065923887,43.53076769188133,49.91750817018764,3.103448275862069,2.432886201450348,2.4637534586623664,3.7431430930617715,0.7706111586485638,0.0,0.050669872895912065,0.17012667135819848,0.26784313725490194,0.15517241379310345,0.034482758620689655,0.017241379310344827,0.0,0.3319640841846084
30b,True,16384,58,0.8524679847275128,0.14167381883773877,0.8152167530055507,0.8897192164494749,0.19394415624095926,0.08197162206004367,0.17239081693639052,0.215497495545528,0.30766245143377524,0.10935278843662558,0.2789096014371156,0.3364153014304349,1.0,0.0,,,0.109104663269856,0.06153203780312909,0.09292563868131067,0.12528368785840133,0.4151534887775291,0.1648151865188893,0.3718175446018075,0.45848943295325073,0.17699461908386857,0.14193229556742593,0.139675424370358,0.21431381379737915,0.034361544887860675,0.07865551697444251,0.013491427044066844,0.0552316627316545,0.019269776876267748,0.13194257263553005,-0.015422754090707876,0.05396230784324337,0.43803942215987157,0.16199681673900074,0.3954445305414262,0.48063431377831695,4.287132389528434,0.22124532789781023,4.228958896045054,4.3453058830118145,5.7297358172965325,0.5668205961326246,5.580697938988895,5.87877369560417,0.017241379310344827,0.13130643285972254,-0.017283887229155283,0.05176664584984494,0.0,0.0,,,1.5517241379310345,1.602327405852964,1.1304136235427582,1.9730346523193107,10.293103448275861,3.6515251352923905,9.33298385759033,11.253223038961393,46.724137931034484,12.145020065923887,43.53076769188133,49.91750817018764,8.741379310344827,3.5469796631489867,7.808748550272073,9.674010070417582,0.3554310509034084,0.1489285714285714,0.22177700348432056,0.384349593495935,0.4718309859154929,0.7931034482758621,0.5172413793103449,0.22413793103448276,0.034482758620689655,0.8803830207922941
32b,True,16384,58,0.7748575406790706,0.21248456713670574,0.7189875718119523,0.830727509546189,0.21152530329249727,0.11089423753100212,0.18236714991746258,0.24068345666753196,0.3169027178905994,0.14589059288337028,0.2785427419533572,0.35526269382784154,1.0,0.0,,,0.14390513493543786,0.09216298787921201,0.11967211258986961,0.16813815728100612,0.3130900078397363,0.18650873001917595,0.26405003717253434,0.36212997850693823,0.23405196758391486,0.1675264218827784,0.19000314040961544,0.27810079475821425,0.12691408465402274,0.15502506042273093,0.08578039938672066,0.1680477699213248,0.06380317268375077,0.1240782810973942,0.031178451766786505,0.09642789360071503,0.38352880601599515,0.18150589455345542,0.33580426387842044,0.43125334815356986,4.760318484760676,0.5283687207265101,4.621391011696916,4.899245957824435,5.64904797805385,0.5562806740536207,5.5027814309838226,5.795314525123877,0.08045977011494251,0.20290622218240642,0.02710829866910238,0.13381124156078264,0.0,0.0,,,3.293103448275862,3.583630525528082,2.350835835194599,4.235371061357125,12.758620689655173,5.783553041463705,11.237912937924593,14.279328441385752,46.724137931034484,12.145020065923887,43.53076769188133,49.91750817018764,9.46551724137931,4.8421233461878606,8.192345809459677,10.738688673298942,0.4603639686477362,0.06604166666666667,0.24046610169491522,0.4207975123468081,0.5171240708976558,0.8103448275862069,0.5689655172413793,0.3275862068965517,0.10344827586206896,0.7746399620576588
30b,False,16384,58,0.5816303428372394,0.35997465301032805,0.4869798327900814,0.6762808528843973,0.06097960150785269,0.045613597251869226,0.04898611749760157,0.07297308551810382,0.10664771210951345,0.0762252032266604,0.08660531661439318,0.1266901076046337,1.0,0.0,,,0.03263547572266849,0.030794859089385868,0.024538380287571,0.04073257115776598,0.1320759705896356,0.12638726755958832,0.09884413263120458,0.16530780854806665,0.058833982109844175,0.09038814142855049,0.03506763184911764,0.08260033237057071,0.007998093524409314,0.030074235692559025,1.8324690524713916e-05,0.015977862358293914,0.001812555260831123,0.010029066269883704,-0.0008244532890847669,0.004449563810747013,0.1994653041880009,0.11024305582853143,0.1704783703134416,0.2284522380625602,4.336671335200746,0.4408324183476123,4.212685219587994,4.460657450813499,5.542389370440895,0.5257740616859776,5.404144128194031,5.680634612687759,0.0,0.0,,,0.0,0.0,,,2.3620689655172415,3.1383215754523612,1.5368893721083583,3.187248558926125,5.137931034482759,3.696600030383866,4.165959604299495,6.109902464666023,46.724137931034484,12.145020065923887,43.53076769188133,49.91750817018764,2.7758620689655173,2.1029895466389834,2.222909155340484,3.3288149825905506,0.7147382885099959,0.0,0.054285714285714284,0.15942928039702234,0.23740920096852303,0.13793103448275862,0.017241379310344827,0.0,0.0,0.5545460405579892
32b,False,16384,58,0.6033410315737902,0.3379376424257707,0.5144848580842206,0.6921972050633597,0.06883197657549114,0.05553256633012688,0.054230432596161754,0.08343352055482053,0.11721908148909453,0.08783575877116644,0.0941238460369709,0.14031431694121815,1.0,0.0,,,0.043104633986286986,0.04830905854967348,0.03040241455670558,0.05580685341586839,0.11481664508019751,0.11662110666399356,0.08415268822739569,0.14548060193299933,0.0914293870429773,0.13193864048941664,0.05673788998111723,0.12612088410483738,0.025438596491228066,0.062796362296379,0.008776478794985047,0.042100714187471085,0.010488203902250555,0.03661813594925535,0.0008599558698154791,0.02011645193468563,0.17685331546559796,0.12807725143748563,0.14317711889836826,0.21052951203282766,4.5493783993784,0.6057595393619621,4.380733866680612,4.718022932076187,5.532815330799036,0.5251236719304557,5.394741099820813,5.67088956177726,0.04310344827586207,0.1938638235802749,-0.007870445658383372,0.09407734221010752,0.0,0.0,,,2.5517241379310347,3.2776350791445226,1.6899139260309617,3.4135343498311075,5.741379310344827,4.799708853844126,4.479360200679425,7.00339842001023,46.724137931034484,12.145020065923887,43.53076769188133,49.91750817018764,3.189655172413793,2.5782960274808735,2.5117267904767897,3.8675835543507966,0.7493298672480916,0.0,0.051198630136986306,0.16903238704518192,0.2926829268292683,0.1896551724137931,0.034482758620689655,0.0,0.0,0.5601641336924355
claude-haiku,True,4096,58,0.806130851297884,0.12924236752129073,0.7721483030731859,0.840113399522582,0.456833986900728,0.10045181158223658,0.43042152946265694,0.4832464443387991,0.5782827940997497,0.10339292569336102,0.5510970101277217,0.6054685780717777,1.0,0.0,,,0.3343143347529616,0.10529458048618293,0.30662853614221103,0.3620001333637121,0.615439425874426,0.14864352633851735,0.576355602984415,0.654523248764437,0.5312608804875538,0.16651631218196403,0.4874776481199613,0.5750441128551463,0.38605409611601554,0.17510329638511632,0.33959293775147814,0.43251525448055295,0.17548440802117274,0.19330500203174988,0.12465744872288267,0.2263113673194628,0.8365524513504122,0.15811545707300323,0.7949781112318876,0.8781267914689369,4.875036308029884,0.36227298384172696,4.779781482696553,4.970291133363215,5.939579228168299,0.6288447461082624,5.774232930972437,6.10492552536416,0.28304597701149425,0.4165027909235176,0.17353215078149944,0.3925598032414891,0.0,0.0,,,5.103448275862069,3.758917608168205,4.115091273881277,6.0918052778428615,25.982758620689655,5.8203857691838055,24.4523661968968,27.51315104448251,46.724137931034484,12.145020065923887,43.53076769188133,49.91750817018764,20.879310344827587,5.782846947159943,19.358788251129965,22.39983243852521,0.17879301744455234,0.42376395534290273,0.5100125156445557,0.6521994134897362,0.7390325138778746,1.0,1.0,0.9655172413793104,0.7758620689655172,0.8215130089588407
gpt5-mini,True,4096,58,0.7910551707786125,0.12160750642976838,0.7590801069431864,0.8230302346140387,0.5297114802144236,0.13172501049953309,0.49507615429498913,0.5643468061338581,0.6248043042526955,0.10424739919710267,0.5973938479258931,0.6522147605794979,1.0,0.0,,,0.418449171912646,0.13988884830289103,0.38166727426776303,0.455231069557529,0.601416017370017,0.17310546650848302,0.5559002551907587,0.6469317795492754,0.570897883106301,0.18167560826105364,0.5231287170240906,0.6186670491885113,0.4857733769498475,0.20143797173674202,0.4323246886686856,0.5392220652310095,0.3548864309006296,0.26207439969923174,0.28597748024425285,0.42379538155700636,0.7540667028723504,0.15673477796248286,0.712855393819845,0.7952780119248559,5.184569548980432,0.47279238638172855,5.060255128108806,5.308883969852059,5.767432275380901,0.6221254793461986,5.603852719317655,5.931011831444146,0.5689655172413793,0.4527202626534174,0.44992879226507976,0.6880022422176789,0.0,0.0,,,6.137931034482759,3.4663711540480566,5.226495201432617,7.049366867532901,29.75862068965517,1.6994358695320477,29.31177680634701,30.205464572963333,46.724137931034484,12.145020065923887,43.53076769188133,49.91750817018764,23.620689655172413,4.278988182609138,22.49558706646849,24.745792243876334,0.16684808105121648,0.4472576530612245,0.553998476770754,0.7024114383269313,0.7762463343108505,1.0,1.0,1.0,0.8793103448275862,0.8317022661535852
claude-haiku,True,8192,58,0.8421865810667672,0.10413326432692659,0.8148061349742577,0.8695670271592768,0.5145277750692624,0.11158718141320215,0.4851874213883567,0.5438681287501681,0.6327335054098829,0.10380639960206818,0.6054390040156057,0.6600280068041602,1.0,0.0,,,0.3880963290186271,0.12322704270011439,0.35569542982855523,0.420497228208699,0.642878427879858,0.1306793329042995,0.6085180488682296,0.6772388068914865,0.5887529615977891,0.16170258374113677,0.546235434602346,0.6312704885932322,0.4669921037568096,0.23146774967947784,0.40557544287060465,0.5284087646430146,0.24439850562441842,0.23611728181934416,0.1823146311953256,0.30648238005351125,0.8434587946097768,0.12992560306423037,0.8092965987568894,0.8776209904626642,4.9903807714119015,0.43611070056217055,4.875711308159309,5.105050234664494,5.9424870211767065,0.6315565170300514,5.776427700164496,6.108546342188917,0.3448275862068966,0.40478626343998503,0.238394463834865,0.45126070857892814,0.0,0.0,,,4.5,3.690908698077461,3.529525029362275,5.470474970637725,27.913793103448278,6.113787934154344,26.306254513026285,29.52133169387027,46.724137931034484,12.145020065923887,43.53076769188133,49.91750817018764,23.413793103448278,5.797865556312462,21.889322067777666,24.93826413911889,0.1640602223756472,0.48104013104013105,0.5741725768321513,0.7003763704794632,0.7944182389937107,1.0,1.0,0.9655172413793104,0.9310344827586207,0.8612540274476227
gpt5-mini,True,8192,58,0.8393740731263409,0.14887138232142538,0.8002303385597183,0.8785178076929636,0.5902301019313003,0.1436104979451595,0.5524696463965444,0.6279905574660563,0.6840961873770481,0.12582017573632115,0.6510134586124643,0.717178916141632,1.0,0.0,,,0.4794105715982144,0.14759972044087968,0.4406012034782141,0.5182199397182147,0.6577854061054016,0.18285161964796498,0.6097070235918076,0.7058637886189956,0.6352263228657751,0.18946182833420128,0.5854098745788321,0.685042771152718,0.558042946046042,0.19348758569836827,0.5067037791297759,0.609382112962308,0.41477496003358066,0.23032523274464364,0.3542140272742805,0.47533589279288085,0.7679873685351694,0.17754875792332203,0.7213033024345497,0.8146714346357891,5.255922003090539,0.5195821601960198,5.118058299056309,5.39378570712477,5.809011857001815,0.5867782948018263,5.653318618539297,5.964705095464334,0.6594827586206896,0.427572048224233,0.5470584195515426,0.7719070976898367,0.0,0.0,,,4.482758620689655,3.062170880620048,3.67760183179228,5.287915409587029,31.25862068965517,4.886646124370741,29.973742589978556,32.543498789331785,46.724137931034484,12.145020065923887,43.53076769188133,49.91750817018764,26.775862068965516,5.6693794438974425,25.28517473437596,28.26654940355507,0.18392176138086527,0.5199220779220779,0.6416887709991158,0.7522058823529412,0.8400218698742482,0.9827586206896551,0.9827586206896551,0.9827586206896551,0.9827586206896551,0.8822523862293569
claude-haiku,False,8192,58,0.4140597215151338,0.10786562873777158,0.38569790022797074,0.4424215428022969,0.3314856518477869,0.09550621663392608,0.30637357231252,0.3565977313830538,0.3595089123910256,0.08032965583242235,0.3383873060977256,0.3806305186843256,1.0,0.0,,,0.22891919862283316,0.0964860671371356,0.20354948053128688,0.2542889167143794,0.5019969582882456,0.1388670819829398,0.4654837204018308,0.5385101961746606,0.40682318301486664,0.18160357326431484,0.35907295756951935,0.45457340846021393,0.23632190536215306,0.1661869229188665,0.19222657932747464,0.2804172313968315,0.11449498823991724,0.2035092240155254,0.0609849655444633,0.16800501093537118,0.8048199205246553,0.22092447244904576,0.7467307916809044,0.8629090493684063,4.721539205985744,0.2816239167466349,4.647489971855966,4.795588440115522,5.817200644602814,0.6237358400802316,5.653197665769211,5.981203623436418,0.19827586206896552,0.35107312033306376,0.10596589072657112,0.2905858334113599,0.0,0.0,,,22.344827586206897,9.795365399161243,19.76926754781082,24.920387624602974,37.51724137931034,12.972631622144819,34.106261774436135,40.92822098418455,46.724137931034484,12.145020065923887,43.53076769188133,49.91750817018764,15.172413793103448,5.133781927429613,13.822554646525834,16.522272939681063,0.22344273831256378,0.23333333333333334,0.30934065934065935,0.4076849489795919,0.4724025974025973,0.9827586206896551,0.7586206896551724,0.3103448275862069,0.05172413793103448,0.4128336932479332
claude-haiku,False,12288,58,0.44458495176574603,0.14616831320994603,0.4061519529910873,0.48301795054040475,0.33443903471912234,0.09834594423242023,0.3085802868744488,0.3602977825637959,0.3694669648190053,0.08673520280073249,0.346661105807878,0.3922728238301326,1.0,0.0,,,0.23089084239878477,0.09083289207540107,0.20700755091673562,0.2547741338808339,0.5019999970073714,0.140652682527823,0.465017259391183,0.5389827346235598,0.4270511252889549,0.20874571914995285,0.3721642363858716,0.4819380141920382,0.21301621781497942,0.17584902125027504,0.1663571920100695,0.25967524361988936,0.10547465901801602,0.19595313478880172,0.05395140870581294,0.1569979093302191,0.7843356774004261,0.18535412680203833,0.7355992941733127,0.8330720606275395,4.70109635136825,0.2946303785990329,4.623627242428,4.778565460308499,5.839117516962852,0.6485021621416351,5.668602565701466,6.009632468224238,0.22701149425287356,0.3908034856394982,0.12425495588370009,0.329768032622047,0.0,0.0,,,20.396551724137932,9.490419278210265,17.901173180865303,22.89193026741056,35.63793103448276,11.52525567834834,32.60751953395893,38.668342535006595,46.724137931034484,12.145020065923887,43.53076769188133,49.91750817018764,15.241379310344827,4.939317179983151,13.942652062577519,16.540106558112136,0.23475766728758113,0.23261470425649527,0.32217058501913615,0.4122635355512068,0.5060810810810811,0.9482758620689655,0.8103448275862069,0.39655172413793105,0.06896551724137931,0.4384759477933341
claude-haiku,True,16384,58,0.8511260193269854,0.08758477010583206,0.8280967779802558,0.874155260673715,0.5742564371933533,0.12278159511841373,0.5419726624742814,0.6065402119124251,0.6801580352324035,0.10829256985258295,0.6516839555016554,0.7086321149631516,1.0,0.0,,,0.43719350520814254,0.12147037512085689,0.4052544982123393,0.4691325122039458,0.6919694359588026,0.14239078165391666,0.6545296884742206,0.7294091834433846,0.6433439743150695,0.1905508054584397,0.5932411940895389,0.6934467545406001,0.5275896245710487,0.2245209555701719,0.46801619626756136,0.5871630528745362,0.3264305223737272,0.24087546404110663,0.26309554770626786,0.38976549704118657,0.8712989507734359,0.1447573015245352,0.8332369586087975,0.9093609429380742,5.062403845551153,0.4361615356305695,4.947721015898698,5.177086675203609,6.000811722173283,0.6617161773392848,5.826822322731256,6.174801121615309,0.4727011494252873,0.4363446680725923,0.3579701675518392,0.5874321312987354,0.0,0.0,,,4.293103448275862,2.144013458075521,3.7293638470073343,4.8568430495443895,30.448275862068964,6.360989699539903,28.7757388808363,32.12081284330163,46.724137931034484,12.145020065923887,43.53076769188133,49.91750817018764,26.155172413793103,6.781817083364023,24.371984512592412,27.938360314993794,0.15921677645928334,0.5569176319176319,0.618945868945869,0.7457142857142858,0.8369307059898211,1.0,0.9827586206896551,0.9655172413793104,0.9655172413793104,0.8812202405401968
gpt5-mini,True,16384,58,0.8879592996852904,0.0917836491866621,0.8638260193644182,0.9120925800061627,0.6803703911641175,0.11696808812656748,0.6496152001865381,0.7111255821416969,0.7612800739574532,0.07357030310508866,0.7419357488640393,0.7806243990508671,1.0,0.0,,,0.5567021640559455,0.14073254388634915,0.5196984279659637,0.5937059001459274,0.7616118545282503,0.14919398182636268,0.7223832967458041,0.8008404123106965,0.7271598386963497,0.18396918361576012,0.6787876077168219,0.7755320696758775,0.6314931141556528,0.20911060521798375,0.5760086021829655,0.6869776261283401,0.5236902556818884,0.24087236341315033,0.46035609628299057,0.5870244150807863,0.8208177995242957,0.15677525940241802,0.7795958464197569,0.8620397526288345,5.253646126126216,0.5139777076809217,5.118502577051186,5.388789675201246,5.918426357309509,0.6355828615019109,5.751308362985998,6.085544351633021,0.7758620689655172,0.34525709286475503,0.6850813440901176,0.8666427938409169,0.0,0.0,,,3.7586206896551726,3.0105681973912133,2.9670321346502853,4.55020924466006,34.44827586206897,3.821327103879716,33.443509119703734,35.4530426044342,46.724137931034484,12.145020065923887,43.53076769188133,49.91750817018764,30.689655172413794,5.242226982748552,29.31128185209591,32.06802849273168,0.09664025845657481,0.6657492354740062,0.704597120484971,0.809722596283329,0.8762175324675323,1.0,1.0,1.0,1.0,0.9228247047321113
claude-haiku,False,16384,58,0.4502007254913019,0.13832991225245755,0.41382872918550073,0.4865727217971031,0.34069011362727697,0.11142040265981032,0.31139361218413736,0.3699866150704166,0.37416984700400613,0.08179844455378853,0.3526620424035024,0.39567765160450985,1.0,0.0,,,0.23370651833388514,0.10850513287907898,0.20517654800443302,0.26223648866333726,0.5035665728880402,0.15083292262154938,0.4639070775912323,0.5432260681848481,0.44052439981699615,0.17400121460653925,0.3947731126816172,0.4862756869523751,0.21728483647988292,0.18433281839433358,0.16837475629290244,0.2661949166668634,0.11451233130365988,0.20792289596550892,0.05984179272812039,0.1691828698791994,0.7760345098954045,0.18622074396629615,0.7270702613007529,0.824998758490056,4.716110652707304,0.28367506966965766,4.641522095409282,4.790699210005325,5.825977737715134,0.619740816764658,5.663025196714604,5.988930278715665,0.2011494252873563,0.3597142854320821,0.10656737540503113,0.29573147516968146,0.0,0.0,,,20.75862068965517,11.594478941452046,17.710007859940234,23.807233519370108,36.39655172413793,16.282527127420128,32.11527946071892,40.67782398755694,46.724137931034484,12.145020065923887,43.53076769188133,49.91750817018764,15.637931034482758,6.276378092504673,13.987641541218544,17.288220527746972,0.21861313841495286,0.2630281690140845,0.32485875706214684,0.42151376146789,0.5070303030303029,0.9655172413793104,0.8275862068965517,0.3448275862068966,0.08620689655172414,0.43736153857409793
